{
  "fitzpatrick_weights": {
    "1": 0.8752491657147976,
    "2": 13026.333333333334,
    "3": 1.5628474305138973,
    "4": 0.39622622379040434,
    "5": 1.175661853188929,
    "6": 1.1859371206603544
  },
  "undertone_weights": {
    "0": 1.0036082540416298,
    "1": 26052.666666666668,
    "2": 0.4991027925183752
  },
  "personal_color_weights": {
    "0": 19539.5,
    "1": 0.7527061905312223,
    "2": 0.37432709438878137,
    "3": 19539.5
  }
}